-1.050900115336607676e+01,9.914976673869801971e-02,0.000000000000000000e+00
-9.880676697868782554e+00,-9.137125215564605440e+00,2.000000000000000000e+00
6.090264684411902607e+00,-5.312218861207143039e-01,1.000000000000000000e+00
-8.018714068949124751e+00,-9.678178879921533806e+00,2.000000000000000000e+00
1.735207013527805486e+00,-7.480774353934533494e+00,3.000000000000000000e+00
1.141463267634156509e+00,-8.783495141877336820e+00,3.000000000000000000e+00
3.365755119024080866e+00,-6.364706829035159608e+00,3.000000000000000000e+00
5.413468545668252752e+00,-2.288780199570305207e+00,1.000000000000000000e+00
6.815723596891607450e+00,-2.053562628659785005e+00,1.000000000000000000e+00
4.849361497836695012e-01,-7.331667137722834404e+00,3.000000000000000000e+00
5.665830147113435800e+00,2.986325361163741920e-01,1.000000000000000000e+00
1.997936598843117695e+00,-7.697323281842654907e+00,3.000000000000000000e+00
-8.853480761695903922e+00,-9.075403815825305642e+00,2.000000000000000000e+00
-8.532132668942553622e+00,-9.122226476370496329e+00,2.000000000000000000e+00
2.285796506161715147e+00,-7.398588633771039369e+00,3.000000000000000000e+00
1.793456698254341175e+00,-7.483260258334428094e+00,3.000000000000000000e+00
7.784835981477962186e-01,-8.051248531044272738e+00,3.000000000000000000e+00
-8.191539748377206109e+00,1.744870834152151273e-01,0.000000000000000000e+00
-8.890500602185520407e-01,-6.562005815743799708e+00,3.000000000000000000e+00
-9.014827338034127280e+00,-8.842389054478871913e+00,2.000000000000000000e+00
1.404507869400269282e+00,-6.978572218374663905e+00,3.000000000000000000e+00
-9.598553458140708372e+00,9.833151297139477442e-01,0.000000000000000000e+00
-8.031402105585277340e+00,-8.813434283620701137e+00,2.000000000000000000e+00
-8.984413666777866680e+00,-8.484597643825694036e+00,2.000000000000000000e+00
1.393402166268735254e+00,-8.785266944709796633e+00,3.000000000000000000e+00
-7.910637988712870161e+00,2.633354160418697631e+00,0.000000000000000000e+00
6.504534781039772895e+00,-3.495374722868802575e-01,1.000000000000000000e+00
2.092192003183940274e-01,-8.345364972334312625e+00,3.000000000000000000e+00
-8.389650414645013043e+00,-8.079026165908995694e+00,2.000000000000000000e+00
-8.596028696844058459e+00,-8.560013581784133407e+00,2.000000000000000000e+00
6.344669377220979456e+00,-7.061260908236788314e-01,1.000000000000000000e+00
-1.023805819127695038e+01,-9.013677682354737541e+00,2.000000000000000000e+00
-1.004928084303174707e+01,1.802701628128539735e+00,0.000000000000000000e+00
6.439220871929995926e-02,-7.759229847229303090e+00,3.000000000000000000e+00
-9.675014631574061497e+00,-9.200010991884774114e+00,2.000000000000000000e+00
4.088193881827816289e-01,-7.778123217784479237e+00,3.000000000000000000e+00
5.893816461657825023e+00,-5.734838820266051629e-01,1.000000000000000000e+00
1.275932870361129456e+00,-7.264329712478727608e+00,3.000000000000000000e+00
-1.004854645737263752e+01,-9.158985878489874111e+00,2.000000000000000000e+00
-8.699414958967818023e+00,3.803286934606448511e-01,0.000000000000000000e+00
-1.056558696299504874e+01,7.940822866067213104e-01,0.000000000000000000e+00
-9.247891283516894489e+00,-9.107093680535037095e+00,2.000000000000000000e+00
-1.109097816624756305e+01,1.708752897203190013e+00,0.000000000000000000e+00
6.573998257380463173e+00,-9.156505155880861890e-01,1.000000000000000000e+00
-9.963467810750779918e+00,1.416115109385671644e+00,0.000000000000000000e+00
-9.080743125897948076e+00,-8.868994953392668634e+00,2.000000000000000000e+00
-9.860233554688310420e+00,1.169438710134306669e+00,0.000000000000000000e+00
6.149444347714340786e+00,-1.459976962347870444e+00,1.000000000000000000e+00
-8.941656559183007502e+00,1.455803098911618410e+00,0.000000000000000000e+00
1.059241974795964270e+00,-6.591325736017327408e+00,3.000000000000000000e+00
-9.077112916005638965e+00,-9.951326942424486788e+00,2.000000000000000000e+00
-8.647311452797241671e+00,-9.995769525578293013e+00,2.000000000000000000e+00
6.667878087969519640e+00,-1.057246441396591852e+00,1.000000000000000000e+00
-1.066046788950833424e+01,-8.707867505970405375e+00,2.000000000000000000e+00
-1.051051286467502166e+01,5.494170958949374794e-01,0.000000000000000000e+00
-7.799572871496977200e+00,-3.797982830909345520e-01,0.000000000000000000e+00
-1.021452126162899887e+01,2.422079656062174347e-01,0.000000000000000000e+00
5.745094042411172275e+00,-5.463955215947657873e-01,1.000000000000000000e+00
5.157681492351001040e+00,-1.295347452869486382e+00,1.000000000000000000e+00
-8.326091722349890034e+00,-1.049415860483238205e+01,2.000000000000000000e+00
6.937185726498563021e+00,-2.041184532687316366e+00,1.000000000000000000e+00
-9.132388969495103481e+00,-2.435291532544736626e-02,0.000000000000000000e+00
9.665178999537913374e-01,-6.603632968635094969e+00,3.000000000000000000e+00
-1.074030952848775122e+01,-8.896565753737501581e+00,2.000000000000000000e+00
-9.609382903142691390e+00,-1.002935579721177461e+01,2.000000000000000000e+00
5.471522462183198598e+00,3.078226047301557688e-02,1.000000000000000000e+00
1.518048639392846066e+00,-6.719293696262343296e+00,3.000000000000000000e+00
-7.249547950628635995e+00,-8.726454081720072864e+00,2.000000000000000000e+00
6.926270490663624102e-01,-7.671375099096692907e+00,3.000000000000000000e+00
5.822600060253119381e+00,-3.273935117025790764e-01,1.000000000000000000e+00
-8.762003818242792619e+00,-9.069027028359831988e+00,2.000000000000000000e+00
-1.057062407581812735e+01,-9.197473352186888107e+00,2.000000000000000000e+00
-1.027662196253431226e+01,2.945686959098220981e-01,0.000000000000000000e+00
-8.613922100189819631e+00,-1.019613303877818744e+01,2.000000000000000000e+00
5.867903819562192425e+00,-4.154796813903776642e-01,1.000000000000000000e+00
-8.577939640134779609e+00,5.418763560049668637e-01,0.000000000000000000e+00
-1.014789294343537307e+01,9.073110771483532400e-01,0.000000000000000000e+00
6.978605816273723228e+00,-1.413007831045351992e+00,1.000000000000000000e+00
1.371244387431290734e+00,-7.379211284151915073e+00,3.000000000000000000e+00
-2.402631570039136744e+00,-6.270832025707834489e+00,3.000000000000000000e+00
-7.878533172757766323e+00,-8.495052061438654434e+00,2.000000000000000000e+00
-9.730412280711483675e+00,1.384495791627687655e+00,0.000000000000000000e+00
7.227157172371350136e-01,-7.600485101713274183e+00,3.000000000000000000e+00
6.569328173480157851e+00,-8.945761319748880558e-01,1.000000000000000000e+00
-9.107545734019131700e+00,-9.383844280032928253e+00,2.000000000000000000e+00
-8.724304750334194836e+00,-9.410900748257907011e+00,2.000000000000000000e+00
-8.399241359901616022e+00,-1.004286117431689895e+01,2.000000000000000000e+00
1.116270312419008315e+00,-7.464532235769947732e+00,3.000000000000000000e+00
4.925104170792858227e+00,1.125404605717504891e+00,1.000000000000000000e+00
-9.766149687610536034e+00,-9.370726756872514329e+00,2.000000000000000000e+00
2.047837422185524670e+00,-6.849578006888437542e+00,3.000000000000000000e+00
5.133812440440078007e+00,-7.808414767686278068e-01,1.000000000000000000e+00
1.226604117612229539e+00,-7.359920770409930313e+00,3.000000000000000000e+00
5.834450068399576139e+00,-3.752381238354483006e-01,1.000000000000000000e+00
6.515513911918295875e-01,-7.704766393160402238e+00,3.000000000000000000e+00
-8.290627389310715856e+00,-6.468369299934840555e+00,2.000000000000000000e+00
6.491491668584793651e+00,-1.351263236050873839e+00,1.000000000000000000e+00
2.043247523758469075e+00,-7.862536395020853774e+00,3.000000000000000000e+00
-9.254293071547660787e+00,5.749189263684473250e-02,0.000000000000000000e+00
-6.511098858986200000e+00,-8.628209645535486416e+00,2.000000000000000000e+00
-8.304796299340646115e+00,-7.291053561208554079e+00,2.000000000000000000e+00
4.628627531905609160e+00,-7.916400487807516706e-01,1.000000000000000000e+00
7.208191590025331053e+00,-2.049700526289198521e+00,1.000000000000000000e+00
-7.830734592879879941e+00,-7.739491527622246458e+00,2.000000000000000000e+00
-1.099471794882360953e+01,1.765499094977454719e+00,0.000000000000000000e+00
6.931433437864338298e-01,-7.018322528736674393e+00,3.000000000000000000e+00
9.402793730436881381e-01,-6.480919733165633190e+00,3.000000000000000000e+00
-9.345208276022788141e+00,1.394659554832573090e+00,0.000000000000000000e+00
-9.059881880392275377e+00,-8.446316396332772314e+00,2.000000000000000000e+00
6.625010876038560426e+00,-3.165323241116779207e-01,1.000000000000000000e+00
1.055379481629023175e+00,-7.605256792379445407e+00,3.000000000000000000e+00
5.377261044089031827e+00,9.974062189605577000e-01,1.000000000000000000e+00
-9.379460836178516558e+00,-9.415003011230632879e+00,2.000000000000000000e+00
1.933012895863538194e+00,-7.522085088716764290e+00,3.000000000000000000e+00
-9.778016185690431072e+00,1.866894829566543290e-01,0.000000000000000000e+00
-8.599108755297137918e+00,-9.732120617744129731e+00,2.000000000000000000e+00
-1.060301207475387386e+01,3.163002735428588896e-01,0.000000000000000000e+00
-8.823588283625744211e+00,7.555464290280179407e-01,0.000000000000000000e+00
-1.014681527334342093e+01,1.201955657283877210e+00,0.000000000000000000e+00
7.206333281177841776e+00,-1.134645287534673308e+00,1.000000000000000000e+00
-9.622050182652756689e+00,-9.174618685178701938e+00,2.000000000000000000e+00
-9.249292849365680080e-01,-7.348448729177782468e+00,3.000000000000000000e+00
2.534166282913929535e+00,-7.102874521410947217e+00,3.000000000000000000e+00
1.267083366815371148e+00,-8.255495196330347341e+00,3.000000000000000000e+00
7.079075934622455435e+00,-7.570982299119501935e-01,1.000000000000000000e+00
-1.009523488806507885e+01,1.961217882785482036e+00,0.000000000000000000e+00
7.932675838295814019e-01,-5.415053268674813403e+00,3.000000000000000000e+00
6.825119059442712910e+00,-7.269106824484368179e-01,1.000000000000000000e+00
-9.637043266248378259e+00,8.223497425905959002e-01,0.000000000000000000e+00
-2.249933773267931425e-01,-6.944679482962993866e+00,3.000000000000000000e+00
7.262322797742148062e+00,2.335580608658267554e-01,1.000000000000000000e+00
-9.495594621678911551e+00,-2.461777748967913793e-01,0.000000000000000000e+00
9.039515722784471352e-01,-6.150171992506830776e+00,3.000000000000000000e+00
-9.058973949596156316e+00,-8.525775206280215457e+00,2.000000000000000000e+00
-9.560336762522377185e+00,2.022367911527994444e+00,0.000000000000000000e+00
7.768201343972058304e+00,-1.205474039499287553e+00,1.000000000000000000e+00
5.056961025001779353e-01,-7.040279653410216554e+00,3.000000000000000000e+00
7.174577106897953804e+00,-5.787795371955610779e-01,1.000000000000000000e+00
1.158404806682365340e+00,-7.236869789785997931e+00,3.000000000000000000e+00
8.838142451611501471e-01,-7.798672244829406353e+00,3.000000000000000000e+00
4.864497815955208360e+00,-5.645975822357199858e-01,1.000000000000000000e+00
3.100145458977009438e-01,-7.649007717489523017e+00,3.000000000000000000e+00
5.323661374323394924e+00,-1.324257095395885209e+00,1.000000000000000000e+00
4.531777852879069757e-01,-5.268674212591568207e+00,3.000000000000000000e+00
4.628985151789385633e+00,-1.282601491248404058e+00,1.000000000000000000e+00
-1.096144265641652460e+01,-9.233448670510480127e+00,2.000000000000000000e+00
-1.040269418289167902e+01,1.610914901060813254e+00,0.000000000000000000e+00
2.103851129614698223e+00,-7.505200197427344122e+00,3.000000000000000000e+00
7.358657993792109941e+00,-1.848048811080499343e-01,1.000000000000000000e+00
5.821173132167360542e+00,1.390943609159934535e+00,1.000000000000000000e+00
-9.507086159971157358e+00,-8.321912569992111486e+00,2.000000000000000000e+00
7.289610163966693257e+00,2.883326837868178671e-01,1.000000000000000000e+00
-8.400340757691816762e+00,1.031591531664935113e+00,0.000000000000000000e+00
5.236063251835452625e+00,-9.190072016335345539e-01,1.000000000000000000e+00
-8.739351258325315897e+00,-7.311109486436406790e+00,2.000000000000000000e+00
6.297750304016444645e+00,-3.483224634289193711e-01,1.000000000000000000e+00
5.591940792141581795e+00,-8.388108305304221579e-01,1.000000000000000000e+00
-9.596343584876199984e+00,-7.731930287250481371e+00,2.000000000000000000e+00
-1.118590054156761404e+01,-9.052462772320451379e+00,2.000000000000000000e+00
-9.283901556373272967e+00,-8.003815466643528609e+00,2.000000000000000000e+00
1.403589795832229203e+00,-6.564533819481480847e+00,3.000000000000000000e+00
-9.965038484404638908e+00,2.476613498565535032e+00,0.000000000000000000e+00
7.315299896662596169e+00,3.707296780193398700e-01,1.000000000000000000e+00
-1.009381010454757899e+01,4.326392922923699702e-01,0.000000000000000000e+00
-9.563625378990291637e+00,-8.874075790178753920e+00,2.000000000000000000e+00
-1.736937133293174895e-01,-7.892249744064998573e+00,3.000000000000000000e+00
-9.253530660304809530e+00,-9.119738166751206521e+00,2.000000000000000000e+00
1.311241875780503108e+00,-6.281246243020361497e+00,3.000000000000000000e+00
1.376095613065612344e+00,-7.069447833559053151e+00,3.000000000000000000e+00
9.854006812197146914e-02,-5.873559496170743799e+00,3.000000000000000000e+00
5.639808197698096492e+00,-1.248910916469689436e+00,1.000000000000000000e+00
-9.576409180862533788e+00,-7.497826780875743502e+00,2.000000000000000000e+00
1.506584256618398898e+00,-7.335450693733274186e+00,3.000000000000000000e+00
-1.189835242834287143e+01,1.307211986491755962e+00,0.000000000000000000e+00
4.202277298595384902e-01,-6.862098908782845008e+00,3.000000000000000000e+00
-1.035208634600374822e+01,1.345017587791119684e-02,0.000000000000000000e+00
-8.801800227986793956e+00,1.137367643745382129e+00,0.000000000000000000e+00
-1.013800700006386712e+01,-9.057910768041399052e+00,2.000000000000000000e+00
6.481121549748448452e+00,-8.688488197601051954e-01,1.000000000000000000e+00
3.297908708548497048e-01,-7.728203623063182093e+00,3.000000000000000000e+00
5.280826790575132712e+00,-1.107712255805829660e+00,1.000000000000000000e+00
6.465012392630887561e+00,-8.113353942780837658e-01,1.000000000000000000e+00
-1.127191188010772294e+01,5.090306827096767739e-01,0.000000000000000000e+00
-9.804601060512210253e+00,6.495833183568208158e-01,0.000000000000000000e+00
1.052158426421605064e+00,-6.820887197065046870e+00,3.000000000000000000e+00
6.631134634599716859e-01,-6.321096095075257715e+00,3.000000000000000000e+00
-1.109824793948820520e+01,-5.655413379854372646e-01,0.000000000000000000e+00
2.060478895206208527e+00,-6.781438197728889783e+00,3.000000000000000000e+00
1.399661107995513243e+00,-6.318606466988104131e+00,3.000000000000000000e+00
-8.020770279794824376e+00,5.396110637913218433e-01,0.000000000000000000e+00
-6.970296981300109884e+00,-8.453664853160624659e+00,2.000000000000000000e+00
4.347024722186866086e+00,-1.283107984857467798e+00,1.000000000000000000e+00
-7.889473241148818872e+00,-9.378492467930341192e+00,2.000000000000000000e+00
7.255657093212047215e+00,-1.189350980284608505e+00,1.000000000000000000e+00
4.426352157528775422e+00,2.210830089682980226e-02,1.000000000000000000e+00
-9.047663191095884017e+00,-4.443540638888310301e-01,0.000000000000000000e+00
3.126138102609476999e-01,-5.774745023988640646e+00,3.000000000000000000e+00
6.476987053309661846e+00,-1.094326975154313875e-01,1.000000000000000000e+00
-1.360420750173467752e-01,-6.849197129302606157e+00,3.000000000000000000e+00
1.176179206972666647e+00,-7.242776481311882897e+00,3.000000000000000000e+00
-9.963160693880984908e+00,6.770884465470091707e-01,0.000000000000000000e+00
-8.276114596203157703e+00,-8.159995408542091155e+00,2.000000000000000000e+00
5.832507523894096657e+00,-4.365209471299285604e-01,1.000000000000000000e+00
-9.379169813487081342e+00,-2.104546862468399393e-01,0.000000000000000000e+00
-8.718446062137275021e+00,3.510981197866708925e+00,0.000000000000000000e+00
1.361874061653453705e+00,-5.501371132117158780e+00,3.000000000000000000e+00
-9.954022391530871872e+00,5.512374798919157382e-01,0.000000000000000000e+00
-7.726099575599325586e-01,-6.864532956879324743e+00,3.000000000000000000e+00
5.783483552637521008e+00,-1.234496667987873941e+00,1.000000000000000000e+00
6.450630688448324435e-01,-8.434875129306481867e+00,3.000000000000000000e+00
-9.475728937058859103e+00,1.034042339155398116e+00,0.000000000000000000e+00
7.875300420170311400e-01,-5.834086588861634226e+00,3.000000000000000000e+00
6.476569968166138835e+00,-9.691655136406174265e-01,1.000000000000000000e+00
6.124474125018644521e+00,-1.025381798054593840e+00,1.000000000000000000e+00
-6.706331577297617308e-01,-7.331731474976942664e+00,3.000000000000000000e+00
1.095836382723606617e+00,-6.831918211605961133e+00,3.000000000000000000e+00
-9.286587749043130557e+00,4.720807523123819460e-01,0.000000000000000000e+00
8.341531714634095040e-01,-9.598651406684219012e+00,3.000000000000000000e+00
-8.985095840555725744e+00,-1.052304292244802042e+01,2.000000000000000000e+00
5.723311024186036988e+00,-1.355978348020131508e-01,1.000000000000000000e+00
6.186078223357526440e+00,-9.714607937247256020e-01,1.000000000000000000e+00
-9.044986191025458311e+00,1.276692321314337075e+00,0.000000000000000000e+00
-8.901423460871189519e+00,-1.032835803631720317e+01,2.000000000000000000e+00
5.523229223498915097e+00,-1.797300964319744399e+00,1.000000000000000000e+00
5.203604845829159942e+00,-4.798669997245038066e-01,1.000000000000000000e+00
-1.024036962449230437e+01,2.215924474603931493e+00,0.000000000000000000e+00
-9.542170273896699584e+00,-8.767379550159221324e+00,2.000000000000000000e+00
-9.271450670515010373e+00,-1.103802785860218449e+01,2.000000000000000000e+00
-9.163340769969670063e+00,6.088569614449156342e-01,0.000000000000000000e+00
6.852209184642916284e+00,4.257774701280372387e-01,1.000000000000000000e+00
-8.622855480353443625e+00,-9.763868102620168798e+00,2.000000000000000000e+00
1.388134981755873909e+00,-6.382399889873622278e+00,3.000000000000000000e+00
2.754113030791278227e+00,-7.434899558088541305e+00,3.000000000000000000e+00
6.764524603615845955e+00,7.061191887632620734e-01,1.000000000000000000e+00
-8.972137313107676704e+00,-7.995637312169181499e+00,2.000000000000000000e+00
6.633857431322805809e+00,-1.024750663067826695e+00,1.000000000000000000e+00
-8.430200499601127717e+00,8.649416514823442537e-01,0.000000000000000000e+00
2.785664598500990241e+00,-6.977157204711580185e+00,3.000000000000000000e+00
1.581437840214075408e+00,-6.632219846446378853e+00,3.000000000000000000e+00
-8.350741929217049275e+00,5.412750714239651373e-01,0.000000000000000000e+00
-9.427771783361974300e+00,1.432255096047362564e+00,0.000000000000000000e+00
-9.626520210729074378e+00,-8.646605851481231397e+00,2.000000000000000000e+00
-9.744411525908322602e+00,-8.769179648225117418e+00,2.000000000000000000e+00
6.328747753289826861e+00,-1.146721888585512383e+00,1.000000000000000000e+00
-8.076637040757830732e+00,1.921719423274916849e-01,0.000000000000000000e+00
-7.933704125951527963e+00,-1.074851677823146723e+01,2.000000000000000000e+00
-8.521905314648043017e+00,-8.640902179232336167e+00,2.000000000000000000e+00
-9.843506968403046287e+00,-1.019141498325791062e+01,2.000000000000000000e+00
1.017783932141067327e+00,-6.366702699802726073e+00,3.000000000000000000e+00
6.203804881103872404e+00,-1.558436104165155101e+00,1.000000000000000000e+00
-8.559815142955409684e+00,-9.770729402074760372e+00,2.000000000000000000e+00
5.499073427663665470e+00,-1.488305339489885970e-01,1.000000000000000000e+00
-1.469032170687358807e-01,-8.135520597632067918e+00,3.000000000000000000e+00
5.952144455245470311e+00,1.049982091705597087e+00,1.000000000000000000e+00
-9.249321970459662978e+00,-1.030915190336096821e+01,2.000000000000000000e+00
6.150300062329557171e+00,-2.297867082671392502e+00,1.000000000000000000e+00
2.658801769434431250e-01,-8.395785611860496545e+00,3.000000000000000000e+00
1.314168940505769267e+00,-5.557818407146315032e+00,3.000000000000000000e+00
-9.322484526369446911e+00,3.811413318290068908e-02,0.000000000000000000e+00
6.649205637844817218e+00,-9.124489503181065775e-02,1.000000000000000000e+00
9.811962480924777408e-01,-7.414925146460093153e+00,3.000000000000000000e+00
7.290220548749914986e-01,-8.315302079537278956e+00,3.000000000000000000e+00
6.792439609458498673e+00,-1.056413186186348385e+00,1.000000000000000000e+00
6.705696597042584806e+00,-2.723457093197338974e-01,1.000000000000000000e+00
-9.118500241610949075e+00,-9.563428356818247877e+00,2.000000000000000000e+00
6.461904058746464230e+00,1.074441594691888380e-02,1.000000000000000000e+00
-8.369817850863219277e+00,-9.412891715858721753e+00,2.000000000000000000e+00
5.101408017761284164e-01,-6.211964231730067176e+00,3.000000000000000000e+00
1.752932316885642772e+00,-8.467783922646292538e+00,3.000000000000000000e+00
5.590690073138596672e-01,-7.728924738519749482e+00,3.000000000000000000e+00
-9.362548200902912399e+00,-6.723548384342731943e+00,2.000000000000000000e+00
5.736297092822333354e+00,-6.288283124899591847e-01,1.000000000000000000e+00
-9.051908996883812009e+00,-9.089255337091945108e+00,2.000000000000000000e+00
5.761704050908238450e-01,-8.600503896129803039e+00,3.000000000000000000e+00
5.871454999179644751e+00,-2.657934919359004056e-01,1.000000000000000000e+00
-9.665651756753696588e+00,-8.509543466230276465e+00,2.000000000000000000e+00
2.525726940715331548e+00,-9.193532712250950922e+00,3.000000000000000000e+00
6.691216877443134869e+00,-1.713285783579619803e+00,1.000000000000000000e+00
-8.188107133718116160e+00,-8.353414746670342339e+00,2.000000000000000000e+00
2.190782348666641788e+00,-6.428834665265318549e+00,3.000000000000000000e+00
6.023607932588487479e+00,-2.196253862231076770e+00,1.000000000000000000e+00
1.576197914265821787e+00,-7.352110444436100956e+00,3.000000000000000000e+00
6.863544743349203614e-01,-8.467274857232204965e+00,3.000000000000000000e+00
6.565096906776926033e+00,-1.416553164302331691e+00,1.000000000000000000e+00
6.231012577342649905e+00,-3.415927666180439970e-01,1.000000000000000000e+00
6.822568705392371591e+00,-9.863343356452591859e-01,1.000000000000000000e+00
-9.260481184388414277e+00,-9.640449817834005231e+00,2.000000000000000000e+00
1.636827162921318024e+00,-6.357105989599962648e+00,3.000000000000000000e+00
6.111831762941915436e+00,-9.299795367925342005e-01,1.000000000000000000e+00
5.283848891474891563e-01,-5.711256327291028612e+00,3.000000000000000000e+00
-8.343257193856064902e+00,-8.874169462239093420e+00,2.000000000000000000e+00
2.363409857928950863e-01,-7.103164740536453969e+00,3.000000000000000000e+00
1.076854745215148457e+00,-7.893068460524957253e+00,3.000000000000000000e+00
1.206634280224752054e-01,-8.001153063271278398e+00,3.000000000000000000e+00
7.416763588554424746e-01,-6.945171015664955760e+00,3.000000000000000000e+00
-8.976044765318652807e+00,1.033404555924348323e+00,0.000000000000000000e+00
-8.665725211809547801e+00,-7.557462260975293944e+00,2.000000000000000000e+00
-1.123009554960082923e+01,1.616276726257158458e+00,0.000000000000000000e+00
4.994786759679966437e+00,-1.028772953117884414e+00,1.000000000000000000e+00
-9.052865565135888914e+00,-9.795863123384616955e+00,2.000000000000000000e+00
5.823040368633980890e+00,2.916280416362320160e-01,1.000000000000000000e+00
-9.699835681095853701e+00,3.901939696619149966e-02,0.000000000000000000e+00
6.325367721516873765e+00,-1.385338702186368565e+00,1.000000000000000000e+00
-1.177018577422950685e+01,-1.173839235190958785e+00,0.000000000000000000e+00
5.572860193806803863e+00,-1.319173065318160365e+00,1.000000000000000000e+00
-1.363732157404013989e-01,-5.935456783785909352e+00,3.000000000000000000e+00
-8.914051369353279242e+00,-9.082974350254620077e+00,2.000000000000000000e+00
-9.692139996713171612e+00,-1.001196017377415082e+01,2.000000000000000000e+00
1.166096672352493924e+00,-6.639852325604556071e+00,3.000000000000000000e+00
5.206688117455364306e+00,5.479802487289937574e-01,1.000000000000000000e+00
6.232805882951679699e-01,-5.992261266049874635e+00,3.000000000000000000e+00
5.760803807186885450e+00,1.024506656796739801e-01,1.000000000000000000e+00
-8.289824119480213582e+00,1.459596457563283600e+00,0.000000000000000000e+00
-1.335440754382453576e+00,-6.649780498300806642e+00,3.000000000000000000e+00
-8.752166844472411000e+00,-1.023734767966331383e+01,2.000000000000000000e+00
-8.574487186699270680e+00,-9.021818842327094856e+00,2.000000000000000000e+00
-7.897310791193000057e+00,-8.205114044762506609e+00,2.000000000000000000e+00
-1.068279934027907530e+01,9.987967150973950936e-01,0.000000000000000000e+00
-7.515467637133735224e+00,-8.974462177841441957e+00,2.000000000000000000e+00
7.463797249836130021e+00,-1.569889051972664706e+00,1.000000000000000000e+00
-9.255784459669404995e+00,-7.867680531897277341e+00,2.000000000000000000e+00
-9.885317054140500659e+00,1.206137334298552855e+00,0.000000000000000000e+00
-9.004782899554946596e+00,1.006901516248251305e+00,0.000000000000000000e+00
4.557745253477532010e+00,1.203973800156810103e-02,1.000000000000000000e+00
-8.662707457269274158e+00,3.603921148089967996e-01,0.000000000000000000e+00
6.129715004502355846e+00,8.855279524751991094e-02,1.000000000000000000e+00
-8.616972149888370680e+00,2.349461957882930552e+00,0.000000000000000000e+00
7.467556097819327832e-01,-7.817552826959328627e+00,3.000000000000000000e+00
-9.198488168382127128e+00,1.334227413952072450e+00,0.000000000000000000e+00
1.465950533898815911e+00,-7.684099922046593534e+00,3.000000000000000000e+00
6.620800547945433046e+00,-4.609556600697661821e-02,1.000000000000000000e+00
-8.950974101044099740e+00,-8.440444412423277143e+00,2.000000000000000000e+00
-9.752284315683390048e+00,-8.154478838946230823e+00,2.000000000000000000e+00
8.776146431681953741e-01,-6.998196626322033431e+00,3.000000000000000000e+00
-9.177534651742348615e+00,5.034919513760378607e-01,0.000000000000000000e+00
7.895505326458197359e+00,-4.422588322984776776e-01,1.000000000000000000e+00
-9.067031580317395978e+00,-9.108075843992320841e+00,2.000000000000000000e+00
3.916196182024392902e-01,-6.483860056324867394e+00,3.000000000000000000e+00
5.574191417196734832e+00,-8.492981991943227005e-02,1.000000000000000000e+00
-1.022230388584988603e+01,-1.906990523276971272e-01,0.000000000000000000e+00
-1.002776179606097529e+01,-5.819458065560232374e-01,0.000000000000000000e+00
1.085620402271585405e+00,-9.110462625544956339e+00,3.000000000000000000e+00
-1.060990083598601963e+01,1.270471024778083047e+00,0.000000000000000000e+00
8.020237587372542887e-01,-7.330852780134704538e+00,3.000000000000000000e+00
-8.650413961223009096e+00,-9.226884362468291911e+00,2.000000000000000000e+00
1.040596742866217728e+00,-6.922247389006546570e+00,3.000000000000000000e+00
5.735344548160751010e+00,2.502849552406043454e-01,1.000000000000000000e+00
-9.238530303137624244e+00,-8.231373365442651746e+00,2.000000000000000000e+00
3.342991846971236081e-01,-7.116751166191395583e+00,3.000000000000000000e+00
-9.280273276839103858e+00,8.464602723162228948e-01,0.000000000000000000e+00
-8.094121955803339930e+00,-8.635118845560123546e+00,2.000000000000000000e+00
-9.609436632539441803e+00,3.958160460839632022e-01,0.000000000000000000e+00
7.305640893157150373e-01,-7.215464220406974327e+00,3.000000000000000000e+00
-1.043066507478836513e+01,1.720903745992588441e+00,0.000000000000000000e+00
-8.492854236066717633e+00,1.040956975819482544e+00,0.000000000000000000e+00
-9.876150786255593061e+00,-8.533582917247203525e+00,2.000000000000000000e+00
2.696150754680120887e+00,-6.626225290652195454e+00,3.000000000000000000e+00
-3.169100386251810786e-01,-6.874249010441251251e+00,3.000000000000000000e+00
-7.519824509388711498e+00,-9.909621195600223587e+00,2.000000000000000000e+00
-7.659442647725526854e+00,2.471480833590473658e-01,0.000000000000000000e+00
-8.572920706164918414e+00,-8.865290177186365028e+00,2.000000000000000000e+00
7.262602047965804886e+00,-8.959287216045068725e-01,1.000000000000000000e+00
-9.278051679971868637e+00,-8.912054326511139379e+00,2.000000000000000000e+00
6.669902801238635881e+00,-1.421682197740414821e-01,1.000000000000000000e+00
-1.104920929215312952e+01,1.165215083674425056e+00,0.000000000000000000e+00
-8.791529379628189034e+00,-9.029038531571213611e+00,2.000000000000000000e+00
-8.911573363807200110e+00,1.201516372759958706e-01,0.000000000000000000e+00
-1.056688510360107536e+01,-7.720101939219149223e+00,2.000000000000000000e+00
-1.009387447102403534e+01,-9.574174654640863480e+00,2.000000000000000000e+00
-8.381844264730947458e+00,-9.052353753737435227e+00,2.000000000000000000e+00
-9.522068838016505055e+00,1.505051068689629679e+00,0.000000000000000000e+00
-8.299663788247814367e+00,-9.687238713273433888e+00,2.000000000000000000e+00
1.864555156796963598e+00,-7.741312096552022126e+00,3.000000000000000000e+00
-7.867379867153496242e+00,-9.703247817677711495e+00,2.000000000000000000e+00
5.562822213605395305e+00,-1.846523543343194573e+00,1.000000000000000000e+00
3.233549827948199340e+00,-7.693167836492562195e+00,3.000000000000000000e+00
1.504103110391179055e+00,-6.224044149877124177e+00,3.000000000000000000e+00
7.539904786792865465e+00,-1.631283367519401395e+00,1.000000000000000000e+00
-8.450070411141114235e+00,7.817867754647310763e-01,0.000000000000000000e+00
5.323278246956572701e+00,-4.349542738920220142e-01,1.000000000000000000e+00
-9.265813363017544546e+00,-9.583680453861109783e+00,2.000000000000000000e+00
1.183293526602449575e+00,-6.732817341268025224e+00,3.000000000000000000e+00
5.761775385286982853e+00,-1.433396185203725359e+00,1.000000000000000000e+00
-8.967802347874140878e+00,-8.006855494695185982e+00,2.000000000000000000e+00
5.442608061780847883e+00,-3.711161430021159835e-01,1.000000000000000000e+00
2.124740031484526170e+00,-6.478917527625808859e+00,3.000000000000000000e+00
-1.015781864360753239e+01,-9.082385322760323731e+00,2.000000000000000000e+00
5.175010913875544460e+00,3.127187278720586772e-01,1.000000000000000000e+00
-9.086363163986041158e+00,-8.430622396670102603e+00,2.000000000000000000e+00
3.542623449130452018e-01,-6.088388351742636928e+00,3.000000000000000000e+00
-1.034986267705386354e+01,-8.553567141593747536e-01,0.000000000000000000e+00
7.247695837634268834e+00,3.991116410980097839e-01,1.000000000000000000e+00
1.029423906613963657e+00,-7.585199928232331246e+00,3.000000000000000000e+00
-9.814856529668976037e+00,5.375736307287880544e-01,0.000000000000000000e+00
6.153043328017703928e+00,-9.598351640589655176e-01,1.000000000000000000e+00
6.634698804998215849e-01,-7.155219981169676835e+00,3.000000000000000000e+00
-9.988654451952346136e+00,1.525009590079508648e+00,0.000000000000000000e+00
-9.997108985620108967e+00,2.837065631296322721e-01,0.000000000000000000e+00
-9.312574910099177927e+00,6.258757172487743325e-01,0.000000000000000000e+00
1.355018586001765613e+00,-7.761965109505124971e+00,3.000000000000000000e+00
2.253512810381258724e+00,-6.411228266440380352e+00,3.000000000000000000e+00
-9.829686638084954353e+00,4.861732332221446740e-02,0.000000000000000000e+00
-7.443531739452879492e+00,7.809130450859785855e-01,0.000000000000000000e+00
-9.463438938627994901e+00,1.438802588536279181e+00,0.000000000000000000e+00
7.373940103626998699e+00,3.616986970709412663e-01,1.000000000000000000e+00
-9.223001398355973990e+00,-9.342691212717211258e+00,2.000000000000000000e+00
-1.063810831291989700e+01,1.129166814829604126e+00,0.000000000000000000e+00
5.591863664107269649e+00,-1.208279854372013906e+00,1.000000000000000000e+00
-9.052333182116191423e+00,2.228715051321039642e+00,0.000000000000000000e+00
7.709683730699492976e+00,3.923528258569259908e-01,1.000000000000000000e+00
-9.071794465135850416e+00,-8.990311986543821021e+00,2.000000000000000000e+00
6.188723100165423041e-01,-7.068914408627584578e+00,3.000000000000000000e+00
-8.889780490053393436e+00,1.186223817920909918e+00,0.000000000000000000e+00
-8.443450596810627928e+00,-8.489703901088688554e+00,2.000000000000000000e+00
-8.035265063540331099e+00,6.905360223743134407e-01,0.000000000000000000e+00
-9.405979085576060328e+00,1.547296127048788383e-01,0.000000000000000000e+00
-8.634495312444011361e+00,-8.243801539477461304e+00,2.000000000000000000e+00
7.361208796040093816e+00,-1.331985419871980936e+00,1.000000000000000000e+00
-9.741757719506830782e+00,2.007058689302274601e+00,0.000000000000000000e+00
-8.305454973652519612e+00,-9.219906861646000706e+00,2.000000000000000000e+00
-8.230606759042533582e+00,5.960523722991710738e-01,0.000000000000000000e+00
5.758237602188538418e+00,-1.408410898383047449e+00,1.000000000000000000e+00
-1.021715371807042949e+01,1.970549204826040901e-01,0.000000000000000000e+00
6.973192564416210715e-01,-6.587532653837292251e+00,3.000000000000000000e+00
7.388716487104871611e+00,-4.225989207933427139e-01,1.000000000000000000e+00
-1.039377610556445397e+01,1.115753823043881710e+00,0.000000000000000000e+00
1.133663243177689406e+00,-7.300004481450130811e+00,3.000000000000000000e+00
-9.797645553720625955e+00,1.131006337897995984e+00,0.000000000000000000e+00
-1.035519149127014238e+01,-8.540420290502108713e+00,2.000000000000000000e+00
-8.185075984744706545e+00,-9.591921928877679804e+00,2.000000000000000000e+00
6.378513596367641370e+00,3.620744412228946718e-01,1.000000000000000000e+00
-8.660998193699438019e+00,-8.049631486670072889e+00,2.000000000000000000e+00
6.952917385213777557e+00,-1.782657820040660646e-01,1.000000000000000000e+00
-9.673796164892310756e+00,-8.215186981493019402e+00,2.000000000000000000e+00
4.155290148041709264e-01,-7.166796114558727560e+00,3.000000000000000000e+00
-7.487889038828926758e+00,3.292995696687006646e-02,0.000000000000000000e+00
-1.005254152320993200e+01,-5.405611182975922357e-02,0.000000000000000000e+00
2.192849856079890358e+00,-7.121966027181063197e+00,3.000000000000000000e+00
-9.804397663464232693e+00,1.055106594159577416e+00,0.000000000000000000e+00
7.652297955429732124e-02,-6.976883927776312611e+00,3.000000000000000000e+00
3.085663654497132757e-01,-7.298066989846704544e+00,3.000000000000000000e+00
3.152906680699598674e-01,-6.304635210379381682e+00,3.000000000000000000e+00
5.739098156300109110e+00,-9.490265575743392912e-01,1.000000000000000000e+00
5.826848718623733880e+00,-7.607919810155880924e-01,1.000000000000000000e+00
-8.405899174365860205e+00,-6.879786276842854154e-01,0.000000000000000000e+00
-8.459110472537108905e+00,1.522399190112409650e+00,0.000000000000000000e+00
6.046380110592369128e+00,-6.545591987583574412e-01,1.000000000000000000e+00
-8.311306223786223413e+00,-8.443117649629243715e+00,2.000000000000000000e+00
-9.953440202258116543e+00,-7.962164503458550868e+00,2.000000000000000000e+00
-9.311096263255903338e+00,-3.006034840216176285e-02,0.000000000000000000e+00
8.912177681386977968e-01,-7.765551475987915175e+00,3.000000000000000000e+00
7.180641199899484128e+00,8.745534397623384582e-01,1.000000000000000000e+00
-8.492232805797419459e+00,-8.659832682712679031e+00,2.000000000000000000e+00
-8.637151138210491297e+00,4.183115735373757471e-01,0.000000000000000000e+00
-1.024947118895149600e+01,4.048768106744736750e-01,0.000000000000000000e+00
8.597590206243659328e-01,-7.473189968771253966e+00,3.000000000000000000e+00
-8.816461123212544493e+00,3.548614170748635166e-01,0.000000000000000000e+00
7.883888862214682991e-01,-7.228198493187030671e+00,3.000000000000000000e+00
-8.983258067955588899e+00,-8.635040665186837217e-01,0.000000000000000000e+00
-1.003493900101365810e+01,1.423766568968577673e+00,0.000000000000000000e+00
-8.271759747267326546e+00,-6.178369470208820324e+00,2.000000000000000000e+00
7.854515966318116327e-01,-7.854124985964484829e+00,3.000000000000000000e+00
-8.300488722572904265e+00,7.628561585965943914e-01,0.000000000000000000e+00
1.737371694198056815e+00,-9.038010636632309414e+00,3.000000000000000000e+00
5.492877218134389672e+00,3.149580615880442913e-01,1.000000000000000000e+00
2.347863737895948155e+00,-7.454288219475809107e+00,3.000000000000000000e+00
-9.771920588011141717e+00,1.121828180888055249e+00,0.000000000000000000e+00
2.334522349848506373e+00,-7.141234117819882599e+00,3.000000000000000000e+00
7.129617534795547940e+00,6.279252284107559312e-01,1.000000000000000000e+00
-7.092406927979235221e+00,-7.749691510366441882e+00,2.000000000000000000e+00
-9.430078032151278933e+00,1.236713782196168676e+00,0.000000000000000000e+00
-9.924112306806476269e+00,8.539140858027849390e-01,0.000000000000000000e+00
-8.973886092318055674e+00,-9.178342518962708141e+00,2.000000000000000000e+00
-9.849243825971841559e+00,-8.742461145700749725e+00,2.000000000000000000e+00
7.063384002219653901e+00,-7.517087579247381246e-01,1.000000000000000000e+00
6.006531697961144722e+00,-2.448319728103200976e+00,1.000000000000000000e+00
-1.906286478274428209e-01,-7.435701703735571044e+00,3.000000000000000000e+00
-8.416679665334557470e+00,2.069005527693448698e+00,0.000000000000000000e+00
-7.830965290240911258e+00,-8.905600797212724018e+00,2.000000000000000000e+00
-8.237285122658960290e+00,-9.205598434036344813e+00,2.000000000000000000e+00
1.262959585733190115e+00,-7.513215218322479849e+00,3.000000000000000000e+00
5.174678232071641126e+00,-5.716162381723510766e-02,1.000000000000000000e+00
-7.633613386251833610e+00,-8.643246070739349918e+00,2.000000000000000000e+00
3.075980161301445914e+00,-6.547873219480587537e+00,3.000000000000000000e+00
-9.195336832839638319e+00,-9.537431022998367425e+00,2.000000000000000000e+00
6.755377844872487714e+00,-1.201301598227830780e+00,1.000000000000000000e+00
-8.375868660321451387e+00,-7.572025989390909650e+00,2.000000000000000000e+00
-9.771272368116171947e+00,-1.170063509404123536e+01,2.000000000000000000e+00
5.815775092623565179e-01,-8.394881806720670525e+00,3.000000000000000000e+00
-8.152067300290591234e+00,-9.406202727502245509e+00,2.000000000000000000e+00
-1.004939677184006186e+01,-8.754293109185372401e+00,2.000000000000000000e+00
6.051391043685814708e+00,-8.862122676261833254e-01,1.000000000000000000e+00
-8.982634393438008402e+00,-8.848812482728691364e+00,2.000000000000000000e+00
-8.304095693702800318e+00,9.722669855604317846e-01,0.000000000000000000e+00
1.405762453115967592e+00,-7.660759449302625868e+00,3.000000000000000000e+00
2.004220118273856155e+00,-8.593476926353634582e+00,3.000000000000000000e+00
-9.392117200185797543e+00,-1.024210832541363736e+01,2.000000000000000000e+00
-9.812497502930389359e+00,-8.449962552867230414e+00,2.000000000000000000e+00
1.477966939538742253e+00,-6.727911443069316988e+00,3.000000000000000000e+00
6.835343499708393722e+00,-8.117046722581778839e-01,1.000000000000000000e+00
-9.127691304291678520e+00,1.289371692794404334e-01,0.000000000000000000e+00
8.431623086562445302e-02,-7.152139956069776261e+00,3.000000000000000000e+00
1.307410632092099956e+00,-7.274831133939824390e+00,3.000000000000000000e+00
-9.958645586568875885e+00,1.570375348930681092e+00,0.000000000000000000e+00
-1.038819723785915983e+01,4.008170811127761413e-01,0.000000000000000000e+00
-9.930290026509679180e+00,1.990368779197488447e+00,0.000000000000000000e+00
-8.657410311897566046e+00,1.962788737692334751e-01,0.000000000000000000e+00
6.481951194713521325e+00,-1.096682821791297169e-01,1.000000000000000000e+00
2.984665653011231434e-02,-6.080391018248055168e+00,3.000000000000000000e+00
-9.019063196816444972e+00,-8.545211839785967101e+00,2.000000000000000000e+00
-8.102086733678447672e+00,-9.471898082169500910e+00,2.000000000000000000e+00
7.619879231811220954e+00,-1.176247636976459399e+00,1.000000000000000000e+00
-9.817059434069093982e+00,-9.811663993961015962e+00,2.000000000000000000e+00
-1.013821020197113398e+01,1.468766672091543768e+00,0.000000000000000000e+00
-1.007272054429575903e+01,-9.279622287086926491e+00,2.000000000000000000e+00
-9.096347374643686479e+00,-7.516801319673257709e+00,2.000000000000000000e+00
-8.846088327335227319e+00,2.057783695873649510e-02,0.000000000000000000e+00
2.013359020038479663e+00,-6.714859522831174488e+00,3.000000000000000000e+00
-8.937667930721540088e+00,-1.021471759370887256e+01,2.000000000000000000e+00
-9.716663017981639783e+00,-8.934758674045186311e+00,2.000000000000000000e+00
-8.981808817560166247e+00,-9.159436169248154513e+00,2.000000000000000000e+00
-9.127239375337078187e+00,1.069433780641175558e+00,0.000000000000000000e+00
7.185611690757631731e-01,-6.852677527495274035e+00,3.000000000000000000e+00
-8.475239772229473445e+00,7.688188302214865599e-01,0.000000000000000000e+00
6.416279358646543862e+00,-5.073463945779641548e-01,1.000000000000000000e+00
-8.870394304402461572e+00,6.904318900728764197e-01,0.000000000000000000e+00
-9.276894515607171599e+00,1.170458456407418524e+00,0.000000000000000000e+00
1.013860858097764162e+00,-5.275961309793837373e+00,3.000000000000000000e+00
2.481214596614767842e+00,-7.438559931155092286e+00,3.000000000000000000e+00
-8.472837820779187012e+00,-8.370638749527547162e+00,2.000000000000000000e+00
6.051163591639739714e+00,-1.450709985049052797e+00,1.000000000000000000e+00
1.630520470508874276e+00,-7.081898666758406513e+00,3.000000000000000000e+00
8.143952871205588195e+00,-1.748576749346654857e+00,1.000000000000000000e+00
-8.511895696941722989e+00,2.661729825224343760e-01,0.000000000000000000e+00
7.808389143966188328e+00,-1.037061425268509973e+00,1.000000000000000000e+00
6.203106713875516931e+00,7.894935922296340003e-01,1.000000000000000000e+00
1.837489687622094747e+00,-6.427298421965191189e+00,3.000000000000000000e+00
9.136101297515883957e-01,-8.235324271620118708e+00,3.000000000000000000e+00
-9.486013637070591642e+00,-8.405897762131996132e+00,2.000000000000000000e+00
-9.871473760472870396e+00,2.071920911942932264e+00,0.000000000000000000e+00
6.083169170143179372e+00,1.290990465788231401e+00,1.000000000000000000e+00
-9.420841619576254544e+00,6.680697831463074943e-01,0.000000000000000000e+00
-9.408688436697008939e+00,8.472725295218130892e-01,0.000000000000000000e+00
-8.787885293001817644e+00,-1.190464978998325707e-01,0.000000000000000000e+00
-8.990814821203464646e+00,-3.150734895432072413e-02,0.000000000000000000e+00
-8.352945161588166911e+00,1.800041107559838816e-01,0.000000000000000000e+00
-9.126737020648969079e+00,-9.502908939413442724e+00,2.000000000000000000e+00
-8.426462244106661004e+00,-9.977810551601533628e-01,0.000000000000000000e+00
-7.109551896102894730e-02,-7.793925018407286132e+00,3.000000000000000000e+00
-8.430104856283641368e+00,-9.593903277468998070e+00,2.000000000000000000e+00
-9.139727689317675541e+00,-9.838784313438505791e+00,2.000000000000000000e+00
-9.976084412429539583e+00,1.034668507086720757e+00,0.000000000000000000e+00
-8.488494312941911701e+00,-7.534471914754308663e+00,2.000000000000000000e+00
-9.645394850526088248e+00,6.170189047265124405e-01,0.000000000000000000e+00
-9.179470311111550984e+00,-8.831649845749836913e+00,2.000000000000000000e+00
6.591121634792954431e+00,-1.301071327571197589e+00,1.000000000000000000e+00
-8.082741895735949811e+00,1.781353745444669068e+00,0.000000000000000000e+00
-8.270492722221076676e+00,1.506146682216912724e+00,0.000000000000000000e+00
1.029048887123191314e+00,-7.010907729429568747e+00,3.000000000000000000e+00
-8.798652777139677639e+00,-9.109227043541654467e+00,2.000000000000000000e+00
6.735661542199227192e-01,-7.851648465904738750e+00,3.000000000000000000e+00
1.123744630428308300e+00,-6.725101664661105261e+00,3.000000000000000000e+00
8.395811443982716948e-01,-6.216138507827615456e+00,3.000000000000000000e+00
4.520737629160901605e+00,3.327982939628681969e-02,1.000000000000000000e+00
-8.652468169796323494e+00,-9.373669181936723049e+00,2.000000000000000000e+00
7.882388801985018567e-02,-5.532323328721478362e+00,3.000000000000000000e+00
-8.630983977304317989e+00,-1.001632056361386702e+01,2.000000000000000000e+00
-8.662964108818750120e+00,1.395586615726019275e+00,0.000000000000000000e+00
-3.543595129563106294e-01,-6.645667133100666035e+00,3.000000000000000000e+00
-7.942675143098672841e+00,-8.967882159699142264e+00,2.000000000000000000e+00
-9.011368372136514537e+00,7.605595532146278703e-01,0.000000000000000000e+00
-9.303614308922911746e+00,-9.357300783755512441e+00,2.000000000000000000e+00
-8.245245142017516571e+00,-1.046790973042671702e+01,2.000000000000000000e+00
5.821390114637202906e+00,-2.974233124909543946e+00,1.000000000000000000e+00
1.368031891517211829e-01,-5.356978662766348265e+00,3.000000000000000000e+00
-2.850305750982806696e-01,-7.127651016691324948e+00,3.000000000000000000e+00
7.898828180766117590e-01,-7.407270619656626032e+00,3.000000000000000000e+00
-8.119333848171065071e+00,-8.130520463803058817e+00,2.000000000000000000e+00
-7.822982512135462585e+00,-9.741008833693157953e+00,2.000000000000000000e+00
5.777586630279676783e+00,3.366022144369458236e-01,1.000000000000000000e+00
-8.765194656137378360e+00,-7.485820981069729818e+00,2.000000000000000000e+00
-9.634411322986306203e+00,-9.979602906810230323e+00,2.000000000000000000e+00
5.218734727771691340e+00,-2.591968256428843098e+00,1.000000000000000000e+00
-9.672339497334627723e+00,1.445859352147958354e+00,0.000000000000000000e+00
-8.370212735637267087e+00,-9.554669753579750235e+00,2.000000000000000000e+00
5.637386201890222992e+00,1.139509165582685446e+00,1.000000000000000000e+00
-9.673467887888349992e+00,2.330394006007443508e+00,0.000000000000000000e+00
5.631436182672019619e+00,6.389822154844204682e-02,1.000000000000000000e+00
5.839502992840827744e+00,-1.486360680906615439e+00,1.000000000000000000e+00
1.317883709878760801e+00,-6.364094855278874086e+00,3.000000000000000000e+00
3.159040008715998660e-01,-6.540429347356280232e+00,3.000000000000000000e+00
-9.197113073683139461e+00,3.251520272435477477e+00,0.000000000000000000e+00
5.756169215619699742e+00,-2.489485665085460653e+00,1.000000000000000000e+00
-9.052976959712539795e+00,-8.962505400477612127e+00,2.000000000000000000e+00
-9.657534618188902797e+00,-1.068437569204984783e+01,2.000000000000000000e+00
5.806417404910960478e+00,1.802124170192491714e-01,1.000000000000000000e+00
1.035614791843825877e+00,-8.586368107738987732e+00,3.000000000000000000e+00
-9.398803654520015982e+00,1.101310936903057591e+00,0.000000000000000000e+00
5.435691288596898874e-01,-7.115994825045698136e+00,3.000000000000000000e+00
1.608121992059406757e+00,-7.674604809505104264e+00,3.000000000000000000e+00
4.639264441154953289e-01,-6.901508119682191023e+00,3.000000000000000000e+00
-9.117468452035504711e+00,1.346677949656223117e+00,0.000000000000000000e+00
-8.466659676834270343e+00,-9.213319901258541833e+00,2.000000000000000000e+00
-9.358180399374669278e+00,3.922702076028645179e-01,0.000000000000000000e+00
1.099570001814791365e+00,-7.571314302918626282e+00,3.000000000000000000e+00
-8.461802959447886963e+00,-9.087737393749895531e+00,2.000000000000000000e+00
-1.009470652190019990e+01,8.982905968084133885e-01,0.000000000000000000e+00
-8.650456735508800676e+00,-1.035238304606317961e+01,2.000000000000000000e+00
-8.245915178469271467e+00,-7.463396688773927146e+00,2.000000000000000000e+00
5.435947310102544172e+00,-1.760108292918333373e+00,1.000000000000000000e+00
6.258106342280376211e+00,4.412081808245116310e-01,1.000000000000000000e+00
6.281283546329101242e+00,-5.748659781638344457e-01,1.000000000000000000e+00
-1.071361098239151133e+01,5.913170357506872810e-01,0.000000000000000000e+00
2.079394694794192588e+00,-6.666509284625082188e+00,3.000000000000000000e+00
-9.722945479017116810e+00,1.788077409078718372e+00,0.000000000000000000e+00
-1.000134221412668722e+01,-1.127366263345760622e+00,0.000000000000000000e+00
4.080360920406578273e-02,-7.205490214054291798e+00,3.000000000000000000e+00
-9.053150780187134927e+00,1.243862659158614603e+00,0.000000000000000000e+00
6.937673748899396031e+00,4.715742571457299803e-01,1.000000000000000000e+00
-9.756413552771952880e+00,-3.657484858437531905e-01,0.000000000000000000e+00
7.425083724804848462e-02,-6.031611012058710308e+00,3.000000000000000000e+00
1.278803771744291051e+00,-7.223732205552122920e+00,3.000000000000000000e+00
7.119208928811929127e+00,-9.735813094573706472e-01,1.000000000000000000e+00
5.829711039040750720e+00,-1.846934532649591620e+00,1.000000000000000000e+00
-9.849744997944384295e+00,-9.926838739802382960e+00,2.000000000000000000e+00
-1.029233293888752954e+01,4.601525570227986695e-01,0.000000000000000000e+00
-1.023214905126988228e+01,-9.885805662133007043e-01,0.000000000000000000e+00
-9.853855412283152759e+00,-7.928181333778962170e+00,2.000000000000000000e+00
-1.002928031829449118e+01,1.577654861879306258e+00,0.000000000000000000e+00
7.682369829724664534e-01,-7.648080369183334781e+00,3.000000000000000000e+00
9.103350314520954889e-01,-6.559089745763235335e+00,3.000000000000000000e+00
5.992072628348145358e+00,-7.160330492656279411e-01,1.000000000000000000e+00
-9.206892966005000289e+00,2.213936707141163751e+00,0.000000000000000000e+00
-9.805868532780761981e+00,7.129956643683978967e-01,0.000000000000000000e+00
6.284201878832574195e+00,-1.025826939926505865e+00,1.000000000000000000e+00
-3.326910661960447158e-03,-6.630908681023014672e+00,3.000000000000000000e+00
-8.791998434316084854e+00,-4.671367108153521297e-01,0.000000000000000000e+00
5.849264797337839106e+00,-1.438511227530436809e+00,1.000000000000000000e+00
6.820885231703946339e+00,-5.262766625329355907e-01,1.000000000000000000e+00
-9.235448732287055762e+00,4.711769182533885880e-01,0.000000000000000000e+00
-9.986681347866550595e+00,8.426812850583279557e-01,0.000000000000000000e+00
-8.747118783094151695e+00,2.214977639201038517e+00,0.000000000000000000e+00
-9.598571600441477614e+00,-1.140018442667588561e-01,0.000000000000000000e+00
-8.238718705024192346e+00,-8.340312347556348982e+00,2.000000000000000000e+00
-9.496656795824904407e+00,-7.573625564741996996e+00,2.000000000000000000e+00
-8.453381320384679043e+00,-8.357077795880234916e+00,2.000000000000000000e+00
-9.483162597747867295e+00,1.010021493503525880e+00,0.000000000000000000e+00
-8.869587272025791336e+00,-9.143110150146183557e+00,2.000000000000000000e+00
-8.694723890836071334e+00,-8.745663292827899227e+00,2.000000000000000000e+00
7.561148388281491606e+00,-2.567655822115070485e+00,1.000000000000000000e+00
-9.163002299098181425e+00,-8.063279194545684092e+00,2.000000000000000000e+00
-9.212769502967692148e+00,1.211333243701279150e-01,0.000000000000000000e+00
-9.443625997977482811e+00,4.069926735951935881e-01,0.000000000000000000e+00
6.723231326299575095e+00,5.708876800519073758e-01,1.000000000000000000e+00
-9.881145822204663531e+00,1.908909745118968715e+00,0.000000000000000000e+00
6.881530520861921296e+00,-1.032504058760554289e+00,1.000000000000000000e+00
-9.932053698630717520e+00,-1.611624606491335321e+00,0.000000000000000000e+00
5.920771187894716903e+00,3.583112867814257640e-01,1.000000000000000000e+00
1.520963364149831243e+00,-7.401048088512280465e+00,3.000000000000000000e+00
6.646316272712589068e-01,-7.815420323347537668e+00,3.000000000000000000e+00
5.360552832209403817e+00,-2.779064953544099215e-01,1.000000000000000000e+00
8.065985677148891364e-01,-7.988026847422696086e+00,3.000000000000000000e+00
6.432225984113548733e+00,-1.010924489524532843e-01,1.000000000000000000e+00
-8.437044484707822534e+00,-9.712846543055231763e+00,2.000000000000000000e+00
5.781030973833018116e+00,-1.526895778457238340e+00,1.000000000000000000e+00
5.440679448327677470e+00,-1.580600889815881871e-01,1.000000000000000000e+00
1.752127705345285058e+00,-8.409772077336954865e+00,3.000000000000000000e+00
5.460117755188664823e+00,-3.695425428647047816e-01,1.000000000000000000e+00
-9.561757406851292274e+00,7.807277504984100336e-02,0.000000000000000000e+00
-8.424783768273158557e+00,2.064285841611285921e+00,0.000000000000000000e+00
-1.017038419159611173e+01,1.828775414630722240e+00,0.000000000000000000e+00
5.961922560352258316e+00,-1.106241102498478401e+00,1.000000000000000000e+00
6.023691610053964141e+00,-4.917115716014227034e-01,1.000000000000000000e+00
-9.505453045927566791e+00,-7.584233030346959836e+00,2.000000000000000000e+00
1.420196522283084573e+00,-8.109095659588623661e+00,3.000000000000000000e+00
5.579165355449821284e+00,-1.703130251651502780e+00,1.000000000000000000e+00
-7.715688204772102488e+00,-8.465134540380390149e+00,2.000000000000000000e+00
1.133425358969465613e+00,-7.764696197494854957e+00,3.000000000000000000e+00
4.291345205192931722e+00,4.234573864407349397e-01,1.000000000000000000e+00
-8.513889908622861213e+00,2.077852252559469814e+00,0.000000000000000000e+00
1.705763150122352023e+00,-6.307476902221088366e+00,3.000000000000000000e+00
6.723672456075705739e+00,-4.056514882254258492e-02,1.000000000000000000e+00
-7.916946436773056206e+00,-8.850373238982431445e+00,2.000000000000000000e+00
-9.802400619711169938e+00,-9.122260001772573901e+00,2.000000000000000000e+00
5.356909935131314304e-01,-7.252169185901057524e+00,3.000000000000000000e+00
1.411121563288324943e+00,-7.312753258087449915e+00,3.000000000000000000e+00
-7.795024065168654204e+00,-8.811432481969472263e+00,2.000000000000000000e+00
-7.952232032801926032e+00,-5.699290924000828262e-01,0.000000000000000000e+00
-9.370699403305362551e+00,-9.100753934415424240e+00,2.000000000000000000e+00
-8.908556766851253528e+00,-1.074593175209189688e+01,2.000000000000000000e+00
5.035385892604173463e+00,-9.849353255128647788e-01,1.000000000000000000e+00
7.840418555655888078e+00,-1.347050268661287964e+00,1.000000000000000000e+00
-8.886275296487902153e+00,-4.168019090337431454e-01,0.000000000000000000e+00
-9.082334697077905972e+00,-1.795811747776622225e-01,0.000000000000000000e+00
-9.354665111972762404e+00,-9.551193804492323025e+00,2.000000000000000000e+00
-9.661929182566170837e+00,-5.585715296433244603e-01,0.000000000000000000e+00
5.932287813511195829e+00,6.283651200383355562e-02,1.000000000000000000e+00
6.752635456336002484e+00,-1.162429315049531509e+00,1.000000000000000000e+00
5.090361868096742626e+00,-3.161284584098503769e-01,1.000000000000000000e+00
6.765410437535765098e+00,-1.739855632246592343e+00,1.000000000000000000e+00
5.277849125422322984e+00,-5.223874041913016963e-01,1.000000000000000000e+00
-9.722375363470931120e+00,4.223860720878436781e-01,0.000000000000000000e+00
-8.732433181346999973e+00,-8.873713180943639145e+00,2.000000000000000000e+00
-9.541518158024373975e+00,1.910304399502526840e+00,0.000000000000000000e+00
6.377065886142500695e+00,-6.802618495761062478e-01,1.000000000000000000e+00
5.529882236954421160e+00,-2.022208896751853668e-01,1.000000000000000000e+00
-8.952675323629906146e+00,-1.009281120378691732e+01,2.000000000000000000e+00
-8.001483078328645249e+00,-9.651374412611234632e+00,2.000000000000000000e+00
1.010916276305193540e+00,-7.710562613170598212e+00,3.000000000000000000e+00
-9.923546405318429464e+00,-9.106846337031726080e+00,2.000000000000000000e+00
-9.444614707036375734e+00,-1.838146042580678374e-01,0.000000000000000000e+00
6.929682801942736781e+00,-9.072392672227007626e-01,1.000000000000000000e+00
-9.981189966294639504e+00,-9.932578781959163550e+00,2.000000000000000000e+00
-8.445543122894843435e+00,-8.666621464752983783e+00,2.000000000000000000e+00
1.509065514269045893e+00,-8.594107687539491280e+00,3.000000000000000000e+00
7.292138669640621629e+00,-2.589243220658536959e-01,1.000000000000000000e+00
-9.183306453106971912e-01,-7.793832201258090286e+00,3.000000000000000000e+00
6.612073714231743615e+00,-5.655056197996701783e-01,1.000000000000000000e+00
6.224582101129764844e+00,-5.382693816687741384e-01,1.000000000000000000e+00
6.577546220621750983e+00,3.263468927834709543e-01,1.000000000000000000e+00
-8.614677208109467799e+00,-7.206394736067353257e+00,2.000000000000000000e+00
-1.044279389535455849e+01,-5.732806486295722870e-01,0.000000000000000000e+00
4.955772147932641758e+00,1.745354963848311236e-03,1.000000000000000000e+00
-8.433677053935106471e+00,-8.100179131314948933e+00,2.000000000000000000e+00
-9.535803978992989371e+00,1.272983379255643310e-02,0.000000000000000000e+00
-1.059554053974956744e+01,1.204588125102223461e+00,0.000000000000000000e+00
4.972572140739312196e+00,7.395685032934655734e-01,1.000000000000000000e+00
-1.075280757957393263e+01,-4.656094239024446413e-01,0.000000000000000000e+00
6.781715532819241332e-01,-8.645390506081163551e+00,3.000000000000000000e+00
-8.683836201559129719e+00,-8.970206747185669016e+00,2.000000000000000000e+00
-9.069985952976326260e+00,1.262804370165826029e+00,0.000000000000000000e+00
5.832526784408646137e+00,4.128684445830494987e-01,1.000000000000000000e+00
1.262178034395618820e+00,-6.782244527150786517e+00,3.000000000000000000e+00
8.833362505043090840e-01,-6.440295909030330002e+00,3.000000000000000000e+00
-9.370514176978579357e+00,3.336548856706085808e-01,0.000000000000000000e+00
6.494806339413352170e+00,-6.294056700017371941e-01,1.000000000000000000e+00
-9.069747234828387406e+00,-9.720746536208331179e+00,2.000000000000000000e+00
2.021468406538606821e+00,-6.815395126549206317e+00,3.000000000000000000e+00
2.404486671990324620e-02,-7.422896039025389747e+00,3.000000000000000000e+00
7.737410132879020352e+00,-1.023095571612813393e+00,1.000000000000000000e+00
-8.868823288694414941e+00,3.936418093460639089e-01,0.000000000000000000e+00
-1.087066927800342775e+01,-9.224768825671025851e+00,2.000000000000000000e+00
5.695613124651660364e+00,-1.541224424732227982e+00,1.000000000000000000e+00
5.134527177639565565e+00,-1.488723919620720038e+00,1.000000000000000000e+00
2.988961220222137172e-01,-7.681106181572038061e+00,3.000000000000000000e+00
-9.505137152168254389e+00,1.261804951380330442e+00,0.000000000000000000e+00
-9.940512772702554400e+00,1.063319935490891766e+00,0.000000000000000000e+00
-9.513531609670785372e+00,1.427914309040257734e+00,0.000000000000000000e+00
6.648226276872250651e+00,2.483351726548628235e-01,1.000000000000000000e+00
-9.425469337205509390e+00,-9.402685320787286472e+00,2.000000000000000000e+00
-9.251224728494214844e+00,8.987620839571490716e-01,0.000000000000000000e+00
-8.933088314985580425e+00,1.811764934263851989e-01,0.000000000000000000e+00
6.940559970339384321e+00,-1.015162252149151678e+00,1.000000000000000000e+00
-9.451481167638981162e+00,1.631562249795381891e-02,0.000000000000000000e+00
7.558512661226330920e+00,-9.878224324236982712e-01,1.000000000000000000e+00
-8.054569057110246177e+00,-8.689999565807571713e+00,2.000000000000000000e+00
-1.029756802838492291e+01,1.387028711588705887e-01,0.000000000000000000e+00
7.173912138693335550e+00,-9.249031925274817656e-01,1.000000000000000000e+00
-9.853385607929247669e+00,-9.666749905560795497e+00,2.000000000000000000e+00
1.962681497105725814e+00,-7.770444211578896088e+00,3.000000000000000000e+00
5.984624379439206221e-01,-5.489282921672233861e+00,3.000000000000000000e+00
1.440250796459705551e-01,-9.044274378582615626e+00,3.000000000000000000e+00
-9.712369899141094720e+00,2.446031175905201138e+00,0.000000000000000000e+00
7.520835358998193776e+00,-7.865303654509796516e-01,1.000000000000000000e+00
6.303721830202534626e+00,-4.115795374721853417e-02,1.000000000000000000e+00
5.496141225321087731e+00,-5.366291810563446063e-01,1.000000000000000000e+00
1.622071411445850764e+00,-8.245526902265666536e+00,3.000000000000000000e+00
5.669935847432886256e+00,-1.357799135444073491e+00,1.000000000000000000e+00
-1.050762387346285820e+01,1.095586976193153372e+00,0.000000000000000000e+00
-8.133120198668171597e+00,-1.053025931440863339e+01,2.000000000000000000e+00
-9.033228872253319608e+00,-9.862644396118019685e+00,2.000000000000000000e+00
6.593243094769364987e+00,-1.762831907012528454e+00,1.000000000000000000e+00
-8.609122527586922757e+00,5.351740996168201647e-01,0.000000000000000000e+00
-8.993578779426791847e-02,-6.973833202900209471e+00,3.000000000000000000e+00
-8.704396657084000566e+00,7.303113995702771311e-01,0.000000000000000000e+00
8.302587356776786054e-01,-7.671323656916549716e+00,3.000000000000000000e+00
-9.691965237572203407e+00,1.229688635637587790e+00,0.000000000000000000e+00
-7.211758853573068784e+00,-9.401967089141594514e+00,2.000000000000000000e+00
-8.027940917484940542e+00,-6.932461110897033763e+00,2.000000000000000000e+00
-9.401941440148419815e+00,1.702720879860959435e-01,0.000000000000000000e+00
-7.893043489720359851e+00,3.852585270520568206e-01,0.000000000000000000e+00
5.354641633920089738e+00,2.044547458938446027e-01,1.000000000000000000e+00
5.657733400627693143e+00,1.021569362794692459e+00,1.000000000000000000e+00
-8.814166039718925205e+00,-7.626022672217530385e+00,2.000000000000000000e+00
-8.724332209566959762e+00,-9.493530963625500974e+00,2.000000000000000000e+00
1.548914260148804622e+00,-7.024554797271092887e+00,3.000000000000000000e+00
7.552573136866733705e+00,-1.509038246960656693e+00,1.000000000000000000e+00
-7.192820638013958323e+00,-9.012281627313855736e+00,2.000000000000000000e+00
8.044116542771655887e+00,-1.980179962175603769e+00,1.000000000000000000e+00
7.509217518311454675e+00,-4.868757550787194965e-02,1.000000000000000000e+00
-9.392447048708541857e+00,-1.293831736997513859e-01,0.000000000000000000e+00
1.203883375982591097e+00,-7.210027300077595847e+00,3.000000000000000000e+00
6.168893548465732124e+00,-1.354235429163144655e+00,1.000000000000000000e+00
1.023803433003583896e+00,-9.482505577080669212e+00,3.000000000000000000e+00
8.628719678999680065e-01,-7.803227810471582870e+00,3.000000000000000000e+00
-8.826698506992165960e+00,-9.519339402438644626e+00,2.000000000000000000e+00
1.295429035642557958e+00,-6.560591360910684067e+00,3.000000000000000000e+00
7.057140095469525143e+00,-8.177895171254564444e-01,1.000000000000000000e+00
4.961278800658974752e-01,-6.492360005311606841e+00,3.000000000000000000e+00
-8.474987319556486653e+00,-9.349211302104885490e+00,2.000000000000000000e+00
